year,delta
1975,0
1980,1.654192326
1985,1.497731078
1990,1.239318439
1995,1.321032488
2000,1.246937703
2005,1.261795664
2010,1.248962964
2015,1.227019107