year,delta
1975,0
1980,2.300804201
1985,1.191100549
1990,1.26769429
1995,1.320371182
2000,1.160144811
2005,1.256363802
2010,1.579285117
2015,1.356550434