year,delta
1975,0
1980,2.133250241
1985,1.252713302
1990,1.2608774
1995,1.320527335
2000,1.18064688
2005,1.257718951
2010,1.49660875
2015,1.329494672